domain,bl,domain_pop,a_birth,a_entries,dmoz,status_com,status_net,status_org,status_de,status_tld_registered,related_cnobi,traffic,valuation,price,bids,end_time
FeatherScrolls.com,0,0,2013-07-12,9,-,registered,available,available,available,1,2,2790,1094,17,2,2022-12-05 19:12:43
SouthdublinOnIce.com,6,8,2018-08-04,27,-,registered,available,available,available,1,2,2636,569,180,7,2022-12-05 19:07:43
TattStoner.com,0,0,2021-12-21,2,-,registered,available,available,available,2,2,2633,1584,105,7,2022-12-05 18:12:43
tvboxforum.com,5,38,2016-11-03,89,-,registered,available,available,available,1,3,2483,1184,183,13,2022-12-05 19:06:43
pushalka.com,1,6,2017-04-19,11,-,registered,available,available,available,1,2,2021,1363,15,2,2022-12-05 20:24:43
OldSchoolCleaningCompany.com,4,0,2018-08-08,4,-,registered,available,available,available,1,2,2010,589,12,1,2022-12-05 21:11:43
pflegeabc.com,1,0,2018-04-19,36,-,registered,available,available,registered,3,2,1762,1398,225,5,2022-12-05 20:32:43
azubu.tv,1,141,2013-01-13,636,-,registered,available,available,registered,5,32,1577,42,2275,17,2022-12-05 22:22:43
geekqanda.com,1,0,2014-10-12,46,-,registered,available,available,available,2,2,1560,1551,10,1,2022-12-05 21:43:43
innocentimovie.com,3,4,2018-08-05,14,-,registered,available,available,available,1,2,1140,899,12,1,2022-12-05 21:10:43
drshamimboksha.com,2,0,2021-02-16,5,-,registered,available,available,available,1,2,1030,269,35,5,2022-12-05 23:02:43
csendeletmagazin.com,7,3,2021-02-28,4,-,registered,available,available,available,1,2,995,153,10,1,2022-12-05 19:04:43
NanoRoms.net,1,0,2021-12-08,3,-,registered,registered,available,available,2,4,993,120,15,2,2022-12-05 19:03:43
DavidVizardPerformanceSeminars.com,9,1,2017-04-24,45,-,registered,available,available,available,1,2,969,13,149,5,2022-12-05 22:06:43
FarmingSimulator2017.com,2,30,2015-08-08,277,-,registered,available,available,available,1,4,949,611,36,5,2022-12-05 21:40:43
Amazing-Gadgets.com,0,0,2011-02-07,18,-,registered,registered,available,available,3,5,870,1155,17,3,2022-12-05 20:19:43
MyNewPhilly.com,9,22,2015-04-13,164,-,registered,available,available,available,1,3,840,1048,120,4,2022-12-05 21:01:43
kavslife.com,0,0,2020-11-07,4,-,registered,available,available,available,1,2,765,726,10,1,2022-12-05 23:11:43
stchristophernlv.com,2,0,2021-02-25,14,-,registered,available,registered,available,2,4,713,273,610,11,2022-12-05 21:35:43
TimeUp.me,1,0,2021-12-25,1,-,registered,registered,registered,registered,43,55,693,167,12,1,2022-12-05 20:11:43
SpinFree.me,2,2,2021-02-23,15,-,registered,registered,registered,registered,19,45,671,29,135,5,2022-12-05 18:51:43
aucappella.com,0,0,2018-08-04,3,-,registered,available,available,available,1,2,600,1117,12,0,2022-12-05 21:02:43
magicpotli.com,1,1,2014-12-17,15,-,registered,available,available,available,1,2,587,1562,40,7,2022-12-05 21:49:43
telmarweb.com,0,0,2021-12-18,2,-,registered,available,available,available,2,2,570,902,12,0,2022-12-05 23:25:43
yimsiamtenerife.com,4,3,2018-08-05,23,-,registered,available,available,available,1,2,547,190,30,5,2022-12-05 19:39:43
SuperDivertimento.com,0,0,2007-07-06,1,-,registered,available,available,available,1,2,337,1146,12,0,2022-12-05 18:38:56
thankyouprrd.com,0,0,2021-12-27,2,-,registered,available,available,available,1,2,330,338,12,1,2022-12-05 19:16:56
SwitchbackRoad-BluegrassBand.com,0,0,2016-05-10,8,-,registered,available,available,available,1,2,330,84,12,0,2022-12-05 22:23:56
webmo.org,4,1,2007-10-13,38,-,registered,registered,registered,registered,37,1400,330,1422,12,0,2022-12-05 19:03:56
nojomgames.com,1,38,2018-05-05,156,-,registered,available,available,available,1,2,324,561,135,5,2022-12-05 21:52:56
poliambulatorioleonardo.net,2,0,2011-01-06,51,-,registered,registered,available,available,3,5,316,28,12,1,2022-12-05 22:44:56
LuxeDermAndAesthetics.com,1,0,2018-08-07,16,-,registered,available,available,available,1,2,315,512,135,3,2022-12-05 21:28:56
londonjip.com,3,4,-,0,-,registered,available,available,available,1,2,303,723,12,0,2022-12-05 19:42:56
dalehhoward.com,0,0,2001-12-02,23,-,registered,available,available,available,1,2,300,409,12,0,2022-12-05 18:03:56
octadoor.com,0,0,2018-10-14,15,-,registered,available,available,available,1,3,300,1304,12,0,2022-12-05 18:43:56
Tone-Secrets.com,6,1,2010-02-15,52,-,registered,available,available,available,1,2,300,570,12,0,2022-12-05 22:33:56
TecNoHotelBeach.com,3,0,2018-08-04,7,-,registered,available,available,available,1,2,295,952,20,3,2022-12-05 20:41:56
SalvaMont.org,1,25,2001-11-21,245,Yes,registered,registered,registered,available,5,12,282,725,320,11,2022-12-05 23:22:56
FabParel.com,8,0,2021-12-01,2,-,registered,available,available,available,1,2,278,788,12,1,2022-12-05 20:57:56
baimacademy.com,0,0,2021-11-25,1,-,registered,available,available,available,1,3,270,822,12,0,2022-12-05 20:00:56
nikowifi.com,0,0,2021-12-18,1,-,registered,available,available,available,2,2,263,1257,12,0,2022-12-05 21:13:56
wwrproperties.com,2,2,2013-07-02,82,-,registered,available,available,available,1,2,263,1105,60,7,2022-12-05 20:09:56
jasonleyva.com,2,7,2011-02-02,44,-,registered,available,available,available,1,2,248,817,15,2,2022-12-05 19:55:56
TagReedOmer.com,3,0,2021-12-24,2,-,registered,available,available,available,1,2,241,480,12,1,2022-12-05 23:15:56
Probiotics-LoveThatBug.com,7,36,2007-11-15,210,-,registered,available,available,available,1,2,241,162,12,1,2022-12-05 22:11:56
kenalistudio.com,0,0,2021-12-08,1,-,registered,available,available,available,1,2,240,994,12,0,2022-12-05 20:20:56
GirlWithCuriousWords.com,7,2,2017-03-09,60,-,registered,available,available,available,1,2,240,275,12,0,2022-12-05 18:19:56
ejobsplus.com,3,0,2002-06-30,29,-,registered,available,available,available,1,10,240,1161,12,0,2022-12-05 22:52:56
oplaisirsbahamas.com,9,1,2012-10-28,42,-,registered,available,available,available,1,2,240,442,12,0,2022-12-05 21:16:56
iknowvations.com,2,0,2011-01-30,46,-,registered,available,available,available,3,2,240,1739,12,0,2022-12-05 19:52:56
emacomb.com,1,2,2013-05-31,13,-,registered,available,available,available,1,70,240,1331,10,1,2022-12-05 22:48:10
taildraggerrc.com,9,11,2012-01-17,147,-,registered,available,available,available,1,2,240,537,10,1,2022-12-05 20:13:10
pvgcos.com,1,1,2013-08-18,55,-,registered,available,available,available,2,2,238,0,12,0,2022-12-05 22:21:10
lewabramsphdpsychologist.com,9,0,2021-12-13,2,-,registered,available,available,available,1,2,235,85,12,1,2022-12-05 23:22:10
bombonierki-reklamowe.com,0,0,2013-12-02,23,-,registered,available,available,available,4,2,234,40,12,0,2022-12-05 23:08:10
fiori-implementation.com,8,7,2014-11-15,58,-,registered,available,available,available,1,2,232,188,10,1,2022-12-05 22:54:10
PurpleHillCountryHall.com,2,13,2009-01-31,81,-,registered,available,available,available,1,2,232,617,145,7,2022-12-05 21:02:10
riccardominola.com,4,1,2018-08-06,20,-,registered,available,available,available,2,2,224,885,10,1,2022-12-05 20:18:10
cbp-eg.com,5,1,2015-08-11,82,-,registered,registered,available,available,3,6,224,0,10,1,2022-12-05 23:27:10
ahdfilmesonline.org,0,0,2021-11-25,11,-,registered,available,registered,available,3,4,220,168,12,0,2022-12-05 23:26:10
datscomindia.com,1,0,2021-11-30,2,-,registered,available,available,available,1,2,219,380,10,1,2022-12-05 20:08:10
withlovelulush.com,2,0,2021-10-23,5,-,registered,available,available,available,2,2,218,496,12,0,2022-12-05 19:55:10
EmeraldInteriorStudios.com,0,0,2021-12-01,3,-,registered,available,available,available,1,2,218,404,12,0,2022-12-05 23:17:10
5MeDovens.com,0,0,2021-11-24,2,-,registered,available,available,available,1,2,210,239,12,0,2022-12-05 22:42:10
SitePromotion-Official.com,0,0,2021-12-21,2,-,registered,available,available,available,1,2,210,187,12,0,2022-12-05 18:01:10
druckerpsychology.com,1,8,2013-01-07,92,-,registered,available,available,available,1,2,210,933,12,1,2022-12-05 18:52:10
RehydrationStation.com,4,0,2013-06-18,11,-,registered,available,available,available,2,10,209,1154,206,9,2022-12-05 18:16:10
kyvc.org,4,32,2007-08-09,211,-,registered,available,registered,available,6,38,209,730,770,37,2022-12-05 20:38:10
OlivesSupportedLiving.com,0,0,2021-12-09,2,-,registered,available,available,available,1,2,207,419,12,0,2022-12-05 22:36:10
MokeTampaBay.com,5,0,2017-12-24,26,-,registered,available,available,available,1,2,206,959,10,1,2022-12-05 22:07:10
goodmnimages.com,2,0,2020-08-06,10,-,registered,available,available,available,1,2,204,420,10,1,2022-12-05 20:16:10
GrowBetweenUsa.com,1,0,2021-12-03,1,-,registered,available,available,available,1,2,201,784,10,1,2022-12-05 21:16:10
BancoSantanderRio.net,0,0,-,0,-,registered,registered,available,available,2,4,199,93,12,0,2022-12-05 22:59:10
OceanLinerDesignsMerch.com,2,0,2021-11-15,11,-,registered,available,available,available,1,2,197,27,12,1,2022-12-05 22:50:10
DubaiLandscapingCompanies.com,0,0,2013-06-03,13,-,registered,available,available,available,1,2,197,676,12,0,2022-12-05 19:56:10
kimsuot.com,0,0,2021-12-11,1,-,registered,available,available,available,1,2,191,830,12,0,2022-12-05 18:16:20
PathToCode.com,3,1,2015-01-29,35,-,registered,available,available,available,1,3,191,1369,10,1,2022-12-05 21:12:20
TheFreeBooksOnline.com,1,1,2017-12-11,51,-,registered,registered,available,available,2,5,189,1200,10,1,2022-12-05 20:27:20
AspectsVision.com,0,0,2021-11-25,2,-,registered,available,available,available,1,3,185,1197,10,1,2022-12-05 21:52:20
lulu-mm-usa.com,3,0,2021-02-04,10,-,registered,available,available,available,1,2,184,159,10,1,2022-12-05 18:15:20
BridgeviewPremium.com,2,1,2018-05-08,23,-,registered,available,available,available,1,2,182,1280,10,1,2022-12-05 20:31:20
trackwriterzlabelgroup.com,1,3,2008-12-29,67,-,registered,available,available,available,1,2,182,89,10,1,2022-12-05 21:43:20
RamEssesRest.com,4,0,2021-12-13,4,-,registered,available,available,available,1,3,180,842,10,1,2022-12-05 18:27:20
ruangjringwannee.net,6,2,2018-11-06,27,-,available,registered,available,available,1,2,180,0,12,0,2022-12-05 20:03:20
PortalVoceDigital.com,0,0,2020-11-20,4,-,registered,available,available,available,1,2,180,469,12,0,2022-12-05 20:31:20
TaxDefenseInformationCenter.com,0,0,2018-08-06,3,-,registered,available,registered,available,2,4,180,1088,12,0,2022-12-05 22:40:20
wanderingraeofsunshine.com,1,2,2018-08-02,12,-,registered,available,available,available,1,2,180,363,12,0,2022-12-05 22:37:20
TotalSupportServices.net,0,1,2018-02-17,8,-,registered,registered,available,available,6,4,180,126,12,0,2022-12-05 20:58:20
TheFishCrib.com,5,2,2000-06-13,22,-,registered,available,available,available,1,2,180,1091,10,1,2022-12-05 21:22:20
zevalo.com,7,16,2011-02-09,102,-,registered,registered,available,available,3,11,176,1560,10,1,2022-12-05 19:09:20
LandscapeCompanyDubai.com,0,0,2013-06-03,17,-,registered,available,available,available,1,2,174,886,12,0,2022-12-05 20:19:20
sofvintaje.com,1,0,2020-10-26,8,-,registered,available,available,available,1,2,171,372,10,1,2022-12-05 20:36:20
comitesdubai.org,5,0,2016-06-03,30,-,available,available,registered,available,1,2,171,306,10,1,2022-12-05 22:57:20
MarkEtingenFitness.com,0,0,2021-12-17,2,-,registered,available,available,available,1,2,169,675,12,0,2022-12-05 22:11:20
janhendrikblog.com,3,8,2017-05-17,67,-,registered,available,available,available,1,2,169,515,12,0,2022-12-05 21:21:20
ylfx99.com,3,0,2021-12-30,1,-,registered,available,available,available,1,2,167,0,15,2,2022-12-05 21:00:20
skillsab.com,5,0,2021-12-24,2,-,registered,available,available,available,2,11,166,1385,12,0,2022-12-05 20:32:20
cordetech.com,0,0,2018-08-05,4,-,registered,available,available,available,1,3,165,1331,10,1,2022-12-05 19:22:20
datcominc.com,3,18,1998-12-06,195,-,registered,available,available,available,1,2,160,1186,30,4,2022-12-05 18:58:20
ExtraordinaryCarpet.com,1,0,-,0,-,registered,available,available,available,1,2,159,1241,10,1,2022-12-05 20:55:20
eu-dotace.net,0,0,2010-12-29,14,-,available,registered,registered,available,3,4,159,108,12,0,2022-12-05 20:35:32
georgikdz.com,0,1,2014-05-15,54,-,registered,available,available,available,1,2,159,355,12,0,2022-12-05 21:55:32
tigerstonefxshop.com,3,1,2018-08-06,16,-,registered,available,available,available,1,2,158,289,12,1,2022-12-05 20:12:32
Light-Rhapsody.com,4,0,2021-12-15,2,-,registered,available,available,available,1,2,156,362,12,0,2022-12-05 23:11:32
mmmmalannnnnn.com,0,0,2021-12-18,2,-,registered,available,available,available,1,2,156,94,12,0,2022-12-05 20:57:32
Smart-Logistics.com,1,43,2002-05-24,157,-,registered,registered,available,registered,26,17,156,3215,80,9,2022-12-05 18:59:32
NoBra3.me,3,3,2020-11-26,29,-,available,available,available,registered,2,0,154,8,10,1,2022-12-05 20:32:32
passimg.com,1,8,2017-04-04,31,-,registered,available,available,available,1,2,154,1329,12,0,2022-12-05 18:55:32
89Classifieds.com,9,268,2010-10-11,465,-,registered,available,available,available,1,2,154,1104,10,1,2022-12-05 19:23:32
sunho-engineering.com,0,0,2021-12-26,2,-,registered,available,available,available,1,2,150,65,12,0,2022-12-05 23:08:32
negulalacomputerphone.com,0,0,2021-12-16,2,-,registered,available,available,available,1,2,150,106,12,0,2022-12-05 19:44:32
espiritodafruta.com,0,0,2021-12-02,1,-,registered,available,available,available,1,2,150,636,12,0,2022-12-05 20:15:32
margossilverjewellerycollectio...com,9,1,2022-10-06,3,-,registered,available,available,available,1,2,150,54,12,0,2022-12-05 21:22:32
BreakFree-EcoProject.com,0,1,2018-08-06,8,-,registered,available,available,available,1,2,150,171,12,0,2022-12-05 21:35:32
AsianStarTulsa.com,2,0,2018-08-05,4,-,registered,available,available,available,1,3,150,731,12,1,2022-12-05 22:35:32
lonestarfishingco.com,5,2,2015-04-06,43,-,registered,available,available,available,1,3,150,625,12,0,2022-12-05 21:44:32
radiotk.org,3,3,2006-11-04,213,-,registered,available,registered,available,3,9,149,459,15,2,2022-12-05 22:15:32
landscapinginuae.com,5,1,2013-06-03,14,-,registered,available,available,available,1,2,148,757,12,0,2022-12-05 18:21:32
brosafittings.com,0,0,2021-11-26,2,-,registered,available,available,available,1,2,147,477,12,0,2022-12-05 19:25:32
SimsOffer.com,0,0,-,0,-,registered,available,available,available,1,2,147,1279,12,0,2022-12-05 18:22:32
uvw345xyz678.com,1,0,-,0,-,registered,available,available,available,1,2,146,0,10,1,2022-12-05 21:40:32
mercado-tudo.com,1,0,2021-12-02,5,-,registered,available,available,available,1,2,145,417,12,0,2022-12-05 22:20:32
matrixtechnologybd.com,4,0,2021-12-09,4,-,registered,available,available,available,1,2,144,310,12,0,2022-12-05 19:16:32
thrifteegear.com,1,5,2012-05-13,37,-,registered,available,available,available,1,2,144,382,12,0,2022-12-05 20:22:32
11366.com,0,0,2004-02-26,21,-,registered,available,available,available,12,63,143,2865,510,21,2022-12-05 19:14:32
BacchusBeeRanDwine.com,1,4,2016-02-21,39,-,registered,available,available,available,1,2,141,883,12,1,2022-12-05 21:12:43
TheFakeRedhead.com,1,3,2017-06-03,58,-,registered,available,available,available,1,2,139,944,20,3,2022-12-05 18:06:43
sriswarnabumi.com,1,0,2013-07-23,44,-,registered,available,available,available,1,2,137,114,12,0,2022-12-05 19:34:43
SimpleOrganicMedicine.com,5,3,2017-11-12,54,-,registered,available,available,available,1,2,137,1019,10,1,2022-12-05 19:48:43
DealsDesire.com,3,0,2008-02-07,64,-,registered,available,available,available,1,3,137,1309,12,0,2022-12-05 18:25:43
PrestigeKnowledge.org,3,0,2020-11-19,8,-,registered,available,registered,available,2,4,135,560,12,1,2022-12-05 22:15:43
52maiyouxi.com,2,0,-,0,-,registered,available,available,available,1,2,135,0,85,5,2022-12-05 19:26:43
mobidb.com,1,26,2004-02-02,137,-,registered,registered,registered,available,6,6,135,2265,12,0,2022-12-05 18:52:43
Pap-NewFence.com,0,0,2019-12-12,6,-,registered,available,available,available,1,2,133,213,12,0,2022-12-05 20:28:43
orquestayare.org,1,16,2018-08-09,5,-,registered,available,registered,available,2,4,133,279,12,0,2022-12-05 18:32:43
gonotontronews.com,2,3,2021-12-03,2,-,registered,available,available,available,1,2,132,133,12,0,2022-12-05 21:47:43
akishabulosangeles.com,2,0,2021-11-25,4,-,registered,available,available,available,1,2,128,7,12,0,2022-12-05 21:51:43
hargasenapanpcp.com,0,0,-,0,-,registered,available,available,available,1,2,126,190,12,0,2022-12-05 22:57:43
emmos.org,1,2,2010-11-17,53,-,registered,available,registered,registered,7,74,126,761,10,1,2022-12-05 23:11:43
landscapemaintenanceindubai.com,0,0,2013-06-03,48,-,registered,available,available,available,1,2,124,326,12,0,2022-12-05 19:03:43
HiPerformer.com,2,328,2003-11-18,771,-,registered,available,available,registered,3,3,124,1117,105,11,2022-12-05 18:11:43
michalki-reklamowe.com,1,1,2013-08-15,34,-,registered,available,available,available,4,2,121,90,12,0,2022-12-05 19:52:43
cilingirbekir.com,1,1,2010-03-13,74,-,registered,available,available,available,1,2,121,445,12,0,2022-12-05 19:10:43
hoasfs.com,0,0,2021-12-05,2,-,registered,available,available,available,1,2,120,1221,12,0,2022-12-05 20:54:43
SiteFirst.org,0,0,2021-12-23,2,-,registered,registered,registered,available,7,21,120,1058,12,0,2022-12-05 18:42:43
SeedlingsCoaching.com,0,0,2021-12-24,4,-,registered,available,available,available,1,2,120,943,12,0,2022-12-05 19:51:43
raquelarcuri.com,0,0,2021-12-22,2,-,registered,available,available,available,1,2,120,575,12,0,2022-12-05 19:17:43
ElevateSportsFinancial.com,0,0,-,0,-,registered,available,available,available,1,2,120,827,12,0,2022-12-05 21:40:43
softtechne.net,0,0,2021-12-21,1,-,available,registered,available,available,1,6,120,81,12,0,2022-12-05 18:56:43
RenegadeStudio9.com,1,0,2021-12-22,3,-,registered,available,available,available,1,2,120,393,12,0,2022-12-05 22:00:43
BeeAwareNails.com,0,0,2021-11-27,2,-,registered,available,available,available,1,2,120,412,12,0,2022-12-05 20:44:53
soniawali.com,0,0,2021-12-25,2,-,registered,available,available,available,1,3,120,650,12,0,2022-12-05 21:30:53
palmerconstructionhvac.com,0,0,2021-12-20,1,-,registered,available,available,available,1,2,120,311,12,0,2022-12-05 19:11:53
ScottieDogCoffeeService.com,7,0,2021-12-14,2,-,registered,available,available,available,1,2,120,292,12,0,2022-12-05 20:28:53
303Treasures.com,1,0,2021-11-23,2,-,registered,available,available,available,1,2,120,1060,12,0,2022-12-05 18:14:53
aerofutura.com,0,0,2021-11-25,2,-,registered,available,available,available,1,2,120,1267,12,0,2022-12-05 19:01:53
SneakPodcast.com,2,22,2017-02-16,136,-,registered,available,available,available,1,3,120,1276,53,8,2022-12-05 19:55:53
StopDithering.com,2,1,2011-02-08,32,-,registered,available,available,available,1,2,120,955,12,0,2022-12-05 23:14:53
inmediahk.org,1,3,2011-07-20,320,-,registered,registered,registered,available,3,7,120,726,12,0,2022-12-05 20:21:53
wassi.org,1,3,2011-09-07,76,-,registered,registered,registered,registered,26,493,120,1531,12,0,2022-12-05 19:10:53
conxionlogistics.com,2,6,2010-06-03,81,-,registered,available,available,available,1,2,120,258,12,1,2022-12-05 17:59:53
joinrlp.org,8,0,2018-11-17,583,-,available,available,registered,available,1,3,117,329,12,0,2022-12-05 23:02:53
zaimsoft.com,1,0,2016-05-05,39,-,registered,available,available,available,2,4,115,1656,12,0,2022-12-05 20:27:53
RestaurantAlbrecht.com,1,3,2013-01-15,50,-,registered,available,available,available,3,2,115,1080,10,1,2022-12-05 20:27:53
ArabSpice.com,2,2,2013-02-05,69,-,registered,available,available,available,1,3,115,1322,10,1,2022-12-05 22:38:53
summitrvpark.com,7,0,2019-02-06,20,-,registered,available,available,available,1,4,113,1079,20,3,2022-12-05 23:23:53
altajrestaurants.com,1,0,2021-11-25,1,-,registered,available,available,available,1,2,113,944,10,1,2022-12-05 22:54:53
ChristchurchSchools.com,9,0,2006-06-22,42,-,registered,available,available,available,1,2,113,954,20,3,2022-12-05 18:22:53
gfbates.com,7,0,2014-11-25,225,-,registered,available,available,available,1,2,113,1028,10,1,2022-12-05 20:03:53
AllAboardDiner.com,7,14,2008-05-16,99,-,registered,available,available,available,1,2,113,972,12,1,2022-12-05 22:04:53
FilmThong-Udon.com,0,0,2018-08-04,5,-,registered,available,available,available,1,2,112,169,12,0,2022-12-05 20:39:53
BriscoSolutions.com,2,22,-,0,-,registered,available,available,available,1,2,112,703,12,0,2022-12-05 22:20:53
klamathfallsna.org,4,5,2015-02-26,26,-,available,available,registered,available,1,3,111,137,10,1,2022-12-05 20:29:53
RollingHillsFarmGarlic.com,5,5,2012-10-13,62,-,registered,available,available,available,1,2,111,728,15,2,2022-12-05 21:45:53
ErgoDeal.com,0,0,2021-08-31,2,-,registered,available,available,available,1,5,111,1397,10,1,2022-12-05 19:31:53
sarms365.com,1,0,2021-12-23,2,-,registered,available,available,available,1,2,109,944,10,1,2022-12-05 21:10:07
CulpeperCab.com,3,2,2013-02-25,56,-,registered,available,available,available,1,2,109,718,36,3,2022-12-05 21:34:07
istged.com,2,0,2021-12-09,3,-,registered,available,available,available,1,2,108,1229,12,0,2022-12-05 21:39:07
KoloDoDecor.com,2,0,2021-03-22,3,-,registered,available,available,available,1,2,107,468,12,0,2022-12-05 23:07:07
PicturePerfectGalleryVictoria.com,6,49,2011-09-26,83,-,registered,available,available,available,1,2,105,24,12,1,2022-12-05 19:42:07
WestcoastHotYoga.com,4,18,-,0,Yes,registered,available,available,available,2,2,105,970,10,1,2022-12-05 20:28:07
nuradeen.com,2,22,2001-04-04,220,-,registered,available,available,available,1,3,105,846,12,1,2022-12-05 22:44:07
vuabet68.com,1,0,2021-12-28,3,-,registered,registered,available,available,3,4,104,0,20,3,2022-12-05 22:48:07
BanChor88.com,0,0,2021-11-26,2,-,registered,available,available,available,1,2,104,466,12,0,2022-12-05 18:53:07
DailyMarketingHub.com,7,58,2017-01-09,74,-,registered,available,available,available,1,2,104,1076,95,20,2022-12-05 20:26:07
EverestConversions.com,3,0,2021-11-30,10,-,registered,available,available,available,1,2,103,934,12,0,2022-12-05 21:38:07
lesenfantschiens.com,5,0,2021-06-19,15,-,registered,available,available,available,1,2,103,859,12,0,2022-12-05 21:54:07
NextLevelChurchTuscaloosa.org,1,0,2020-11-01,4,-,available,available,registered,available,1,2,103,106,12,0,2022-12-05 20:32:07
sonlte.com,5,7,2010-12-04,113,-,registered,available,available,available,1,7,103,1216,15,2,2022-12-05 19:47:07
TheOneSoles.com,1,0,2021-11-02,4,-,registered,available,available,available,1,2,102,1078,12,1,2022-12-05 18:06:07
BayAreaHoustonGastro.com,3,0,2015-12-11,29,-,registered,available,available,available,1,3,102,465,10,1,2022-12-05 19:24:07
TheDailyHorror.com,1,22,2007-06-01,101,-,registered,available,available,available,1,2,101,1040,10,1,2022-12-05 21:45:07
CoverSafeFilm.com,2,3,2021-01-29,22,-,registered,available,available,available,1,2,100,1351,12,0,2022-12-05 20:25:07
NetLeni.com,2,3,2013-03-26,105,-,registered,available,available,available,2,4,100,1241,12,0,2022-12-05 22:32:07
JobFrustrated.com,4,27,2021-12-10,2,-,registered,available,available,available,1,2,99,1170,12,0,2022-12-05 20:27:07
ankaralilarhaliyikama.com,1,0,2011-02-09,22,-,registered,available,available,available,1,2,99,67,12,0,2022-12-05 18:09:07
vitalianopizza.com,1,1,2018-06-12,26,-,registered,available,available,available,1,2,98,988,10,1,2022-12-05 22:00:07
35bucuk.com,0,0,2001-02-20,36,-,registered,registered,registered,available,5,12,98,0,12,0,2022-12-05 19:55:07
SullaPasta.com,4,1,2021-12-24,2,-,registered,available,available,available,2,2,96,1009,12,0,2022-12-05 21:49:07
SergeIredKin.com,2,5,2018-01-17,8,-,registered,available,available,available,1,2,96,635,10,1,2022-12-05 20:15:07
mersinprefabrik.com,1,0,2012-03-06,28,-,registered,available,available,available,1,3,96,128,12,0,2022-12-05 19:15:20
RevIsTaar.com,1,5,2010-02-19,80,-,registered,available,available,available,1,44,96,1322,10,1,2022-12-05 19:45:20
AlwaysTaylor.com,0,0,2021-11-18,9,-,registered,available,available,available,1,5,94,1104,10,1,2022-12-05 22:47:20
tndentalcouncil.org,2,0,2015-07-16,100,-,registered,available,registered,available,2,4,94,496,10,1,2022-12-05 20:36:20
BayviewThreadWorks.com,1,1,2012-10-19,65,-,registered,available,available,available,1,2,94,661,12,0,2022-12-05 19:42:20
FlanaganLumberCompany.com,3,1,2013-07-03,36,-,registered,available,available,available,1,2,94,394,12,0,2022-12-05 18:13:20
PregnancyClock.com,9,0,2002-01-07,42,-,registered,available,available,available,1,2,94,1151,12,0,2022-12-05 21:03:20
MobilityRentalVans.com,3,26,2013-01-12,45,-,registered,available,available,available,1,3,93,595,10,1,2022-12-05 22:42:20
FernandoCasanova.org,1,2,2006-10-07,183,-,registered,registered,registered,available,3,7,93,431,10,1,2022-12-05 19:40:20
lmdc999.com,0,0,2021-12-08,2,-,registered,available,available,available,1,3,91,0,15,2,2022-12-05 19:33:20
vanilladeville.com,1,28,2002-09-25,490,-,registered,available,available,available,1,3,91,1289,10,1,2022-12-05 22:29:20
brazludigital.net,0,0,2021-11-27,2,-,available,registered,available,available,1,2,90,28,12,0,2022-12-05 23:00:20
votostarz.com,0,0,2021-12-28,1,-,registered,available,available,available,1,2,90,1150,12,0,2022-12-05 18:26:20
OurBlackFacts.com,0,0,2021-12-20,2,-,registered,available,available,available,1,3,90,892,12,0,2022-12-05 22:34:20
rnnegociosimobiliarios.com,0,0,2021-12-21,2,-,registered,available,available,available,2,2,90,253,12,0,2022-12-05 19:56:20
KishOrAssociates.com,0,0,2021-12-05,1,-,registered,available,available,available,1,2,90,589,12,0,2022-12-05 21:31:20
dralmalfutbol.com,0,0,2021-11-28,1,-,registered,available,available,available,1,2,90,640,12,0,2022-12-05 20:03:20
10thavecandleco.com,0,0,2021-11-23,1,-,registered,available,available,available,1,2,90,116,12,0,2022-12-05 18:01:20
UniDoScooperAmos.com,7,1,2021-12-29,1,-,registered,available,available,available,1,2,90,456,12,0,2022-12-05 22:30:20
shopkeesa.com,0,0,2021-12-22,2,-,registered,available,available,available,1,2,90,663,12,0,2022-12-05 21:17:20
SarahAnneDewey.com,0,0,2021-12-23,1,-,registered,available,available,available,1,2,90,590,12,0,2022-12-05 22:02:20
RockwellMart.com,0,0,2021-12-23,2,-,registered,available,available,available,1,4,90,1197,10,1,2022-12-05 18:08:20
outhandsbpm.com,1,0,2021-12-20,2,-,registered,available,available,available,1,2,90,340,12,0,2022-12-05 22:39:20
vpmcacademy.com,0,0,2021-12-28,2,-,registered,available,available,available,1,2,90,597,12,0,2022-12-05 22:03:20
lunodavinci.com,0,0,2020-10-31,4,-,registered,available,available,available,1,2,90,672,12,0,2022-12-05 18:05:20
itsamazzetti.com,1,0,2021-12-06,2,-,registered,available,available,available,4,2,90,432,12,0,2022-12-05 22:03:27
conneelyfamilywhm-crematory.com,0,0,2021-11-28,1,-,registered,available,available,available,1,2,90,4,12,0,2022-12-05 22:56:27
PasSlakePrams.com,3,0,2021-03-09,5,-,registered,available,available,available,1,2,90,391,12,0,2022-12-05 22:16:27
EdenMental.com,3,0,2021-11-30,3,-,registered,available,available,available,1,3,90,1108,12,0,2022-12-05 18:17:27
DeadClam.com,0,0,2020-11-11,2,-,registered,available,available,available,1,5,90,1225,12,0,2022-12-05 18:13:27
wewhitelabelppc.com,1,0,2019-01-31,12,-,registered,available,available,available,1,2,90,542,12,0,2022-12-05 19:44:27
AllOdinsEye.com,0,0,2021-11-25,3,-,registered,available,available,available,1,2,90,475,12,0,2022-12-05 19:55:27
NomadicNurse.org,0,0,2021-12-17,3,-,registered,available,registered,available,2,13,90,585,12,0,2022-12-05 21:53:27
sideralsoluciones.com,0,0,2021-12-23,1,-,registered,available,available,available,1,2,90,355,12,0,2022-12-05 21:42:27
Revolt-Motors.net,1,0,2021-12-22,4,-,registered,registered,available,available,6,4,90,106,10,1,2022-12-05 21:04:27
EmpireServicedApartments.com,4,0,2018-08-08,13,-,registered,available,available,available,2,2,90,845,12,0,2022-12-05 19:27:27
RisenDevelopment.net,0,0,2018-08-01,49,-,registered,registered,available,available,2,5,90,67,12,0,2022-12-05 19:24:27
sqltrainingcalendar.com,4,2,2016-11-03,32,-,registered,available,available,available,1,2,90,481,12,0,2022-12-05 19:15:27
MapleAndGreige.com,1,1,2018-01-05,3,-,registered,available,available,available,1,2,90,549,12,0,2022-12-05 19:56:27
cabocelebration.com,0,1,2017-02-02,12,-,registered,available,available,available,1,3,90,1052,12,0,2022-12-05 18:52:27
JustMikeTour.com,0,0,2016-01-24,10,-,registered,available,available,available,1,2,90,791,12,0,2022-12-05 20:05:27
GravityColumbus.com,0,0,2018-08-06,2,-,registered,available,available,available,1,2,90,1056,12,0,2022-12-05 23:17:27
DaveHughesLive.com,0,0,2018-08-05,3,-,registered,available,available,available,1,2,90,637,12,0,2022-12-05 19:25:27
CuscusTheCuckoos.com,6,1,2018-01-18,12,-,registered,available,available,available,1,2,90,286,12,0,2022-12-05 23:13:27
Facile.co,7,2,2018-08-08,16,-,registered,registered,registered,registered,111,5500,90,2308,12,1,2022-12-05 20:33:27
EasyAutoCooling.com,2,0,2015-01-24,49,-,registered,available,available,available,1,2,90,1026,12,0,2022-12-05 18:03:27
CherryblossomWebDesign.com,0,0,2012-09-15,8,-,registered,available,available,available,1,2,90,36,12,0,2022-12-05 20:11:27
thegaragedsm.com,1,5,2015-02-02,52,-,registered,available,available,available,1,2,90,556,12,0,2022-12-05 19:17:27
HemPandHealthy.com,2,1,2020-08-04,12,-,registered,available,available,available,1,2,90,1142,12,0,2022-12-05 23:27:27
sekcja-fotograficzna.com,4,1,2014-03-08,37,-,registered,available,available,available,1,2,90,70,12,0,2022-12-05 20:45:27
